{
  "id": "65dq15cy8",
  "profile_name": "Profile Name 1",
  "billing_name": "Shipping First Name Shipping Last Name",
  "order_email": "EmailAddress1@gmail.com",
  "order_address": "Shipping Address 1a",
  "order_address_2": "Shipping Address 1b",
  "order_tel": "1234567890",
  "order_billing_zip": "12345",
  "order_billing_city": "Los Angeles",
  "area": "USA",
  "order_billing_state": "CA",
  "order_billing_country": "USA",
  "card_type": "visa",
  "cnb": "1234567889102345",
  "month": "04",
  "year": "2025",
  "vval": "123"
}