{
  "id": "zlv3avk0y",
  "profile_name": "Profile Name 2",
  "billing_name": "Anthony Charlie",
  "order_email": "anthonycharlie@gmail.com",
  "order_address": "Shipping Address 2a",
  "order_address_2": "Billing Address 2b",
  "order_tel": "2345678910",
  "order_billing_zip": "98765",
  "order_billing_city": "New York",
  "area": "USA",
  "order_billing_state": "NY",
  "order_billing_country": "USA",
  "card_type": "master",
  "cnb": "1234567889102345",
  "month": "12",
  "year": "2023",
  "vval": "456"
}